,Open,High,Low,Close,Volume,Dividends,Stock Splits,ticker
0,128.7826411649236,129.39551044224086,122.74286511723291,123.63252258300781,112117500,0.0,0.0,AAPL
1,125.43161455867813,127.18127564102066,123.64241984503863,124.90770721435547,89113600,0.0,0.0,AAPL
2,125.66885678017948,126.30150047855705,123.32610067708713,123.5831069946289,80962700,0.0,0.0,AAPL
3,124.5617315121944,128.79253144434853,123.45460129199294,128.13023376464844,87754700,0.0,0.0,AAPL
4,128.97048897560737,131.87670150653418,128.39715319682298,128.65415954589844,70790800,0.0,0.0,AAPL
5,128.76286346285156,129.7513700565325,126.64745995571087,129.2274627685547,63896200,0.0,0.0,AAPL
6,129.7415193359335,131.97553930551643,128.9606055895864,131.95578002929688,69458900,0.0,0.0,AAPL
7,132.34127780837738,132.71690008626126,129.92931912019301,131.87667846679688,71379600,0.0,0.0,AAPL
8,130.51253218381837,133.36931580754018,130.14678954891528,133.21115112304688,57809700,0.0,0.0,AAPL
9,133.2803661632613,135.7120843078782,132.58841445883436,134.3776092529297,63646600,0.0,0.0,AAPL
10,135.24747146776636,137.01689153014115,133.47803632197883,133.65597534179688,69672800,0.0,0.0,AAPL
11,132.53899128723262,134.68404919653628,132.23255659782018,133.71531677246094,58280400,0.0,0.0,AAPL
12,133.72518688361293,136.43370070636414,132.67737218152695,136.28541564941406,80223600,0.0,0.0,AAPL
13,136.5325490508029,141.67279627654958,136.3150763566329,139.48818969726562,81760300,0.0,0.0,AAPL
14,138.69737484670043,141.514625019409,138.6874952095744,140.89186096191406,66435100,0.0,0.0,AAPL
15,139.2707157250627,140.79300948686725,137.21461987031523,140.2295684814453,65799300,0.0,0.0,AAPL
16,141.52450641893512,142.59209549504305,140.26909865118563,142.30543518066406,54105100,0.0,0.0,AAPL
17,141.51460940098116,145.5378234459024,141.43552706245464,144.2527618408203,70555800,0.0,0.0,AAPL
18,143.2939558417953,143.87717124792727,141.20820583984698,141.35647583007812,64015300,0.0,0.0,AAPL
19,141.05988522159177,142.68103540109175,140.64471427014323,142.63160705566406,65874500,0.0,0.0,AAPL
20,142.31530314667881,144.92496009089808,139.69576656602072,143.75851440429688,77663600,0.0,0.0,AAPL
21,147.18863235095503,149.44242627870938,146.46702672863907,149.08657836914062,118339000,0.0,0.0,AAPL
22,146.32863460622823,155.571177590554,146.13093629775682,152.72427368164062,154357300,0.0,0.0,AAPL
23,150.8164562342184,151.34036351523568,149.0470210083263,149.98609924316406,69858300,0.0,0.0,AAPL
24,148.9086520667493,153.4458943027817,148.9086520667493,152.87255859375,83322600,0.0,0.0,AAPL
25,152.11139923515765,152.80335083301824,149.43253973358082,150.17391967773438,64120100,0.0,0.0,AAPL
26,152.0125597152097,152.55624141902396,148.6911765868534,149.13600158691406,56007100,0.0,0.0,AAPL
27,147.9677914305051,149.8290111554016,147.73018216274517,149.50230407714844,57450700,0.23,0.0,AAPL
28,149.44290943263957,152.71985991539307,149.41321016170093,152.31396484375,62199000,0.0,0.0,AAPL
29,150.60119133152048,152.23472638587455,149.3537769225568,151.67041015625,61707600,0.0,0.0,AAPL
30,151.58135329250317,153.94749097395436,151.35365383790918,153.77919006347656,65573800,0.0,0.0,AAPL
31,151.97735397330246,154.7692064041291,151.81896289081203,152.1753692626953,68167900,0.0,0.0,AAPL
32,150.8289468385779,151.47245120963535,149.34392280711089,151.02694702148438,59144100,0.0,0.0,AAPL
33,148.70038717333577,149.7894107206676,146.92826533516197,146.99755859375,58867200,0.0,0.0,AAPL
34,147.38368496565576,148.45290411559392,145.69076597475495,147.4232940673828,51011300,0.0,0.0,AAPL
35,148.591484366889,148.83898834448985,145.7699480861059,147.9083709716797,48394200,0.0,0.0,AAPL
36,145.64125487541327,145.72045796846467,144.26513323484133,145.24525451660156,55469600,0.0,0.0,AAPL
37,146.23525087875586,147.68066559008122,145.97783708430148,146.44314575195312,44998500,0.0,0.0,AAPL
38,145.58187179487862,147.5916032868755,145.36406704246494,145.9382781982422,50547000,0.0,0.0,AAPL
39,145.36403554214274,145.76003585720164,143.5621993638043,143.8592071533203,55479000,0.0,0.0,AAPL
40,142.9385237056633,145.24526294031543,142.4633051197938,144.4532470703125,52238100,0.0,0.0,AAPL
41,146.56197176838737,149.60132834219667,145.85906882111533,149.52212524414062,70732300,0.0,0.0,AAPL
42,152.25454983701871,154.73949959731118,151.92785785960842,152.29415893554688,87558000,0.0,0.0,AAPL
43,152.16545023619062,152.49215731620518,149.62111707090608,150.08642578125,56182000,0.0,0.0,AAPL
44,151.2843514535327,151.93776567756532,150.31413994619248,151.34375,47204800,0.0,0.0,AAPL
45,152.02685072996366,152.99706215582498,148.73009571987657,149.0865020751953,53833600,0.0,0.0,AAPL
46,148.7103138108838,149.43302127956616,146.1362661024609,147.0173797607422,68572400,0.0,0.0,AAPL
47,146.33425116280637,151.6110378452132,146.2253488070177,148.9676971435547,84457100,0.0,0.0,AAPL
48,149.7696098588517,151.86843881288326,148.60139830336453,151.0665283203125,73695900,0.0,0.0,AAPL
49,149.68050801163758,151.71993837140982,148.42318357477492,151.46253967285156,77167900,0.0,0.0,AAPL
50,150.64082983435895,154.89790141964556,150.1260173130943,154.2939910888672,76161100,0.0,0.0,AAPL
51,154.52170325241562,155.17511745555205,152.7396713831552,153.45248413085938,98944600,0.0,0.0,AAPL
52,153.52176753764005,156.24431116818113,152.61093964757077,155.8284912109375,73641400,0.0,0.0,AAPL
53,155.7493201936468,157.80854012474336,154.97709383642948,157.6897430419922,73938300,0.0,0.0,AAPL
54,157.70953600837723,160.52117754091816,156.2344068779623,156.25421142578125,75701800,0.0,0.0,AAPL
55,157.24423866782476,159.9370833205621,156.10571123599644,157.34323120117188,67622100,0.0,0.0,AAPL
56,157.27391824812167,158.73913747364256,156.2740076797667,158.65003967285156,59196500,0.0,0.0,AAPL
57,158.34315238139064,159.1648674270664,156.29381212775743,156.69972229003906,52390300,0.0,0.0,AAPL
58,156.3928163743877,156.9076288835252,154.42267925169685,156.0760040283203,45992200,0.0,0.0,AAPL
59,157.77880954657576,159.4420439072871,157.7590201076739,159.1648406982422,51305700,0.0,0.0,AAPL
60,159.91725295849392,160.84787023912273,159.65985428560523,160.7389678955078,49501700,0.0,0.0,AAPL
61,160.8181856716707,163.35262396586768,160.29347845168977,163.2536163330078,68749800,0.0,0.0,AAPL
62,162.62993146566447,164.62975289569243,162.58042764470542,164.51095581054688,56976200,0.0,0.0,AAPL
63,164.9366655701128,165.17425973324032,163.46153634610226,163.97634887695312,46278300,0.0,0.0,AAPL
64,163.09525716874828,163.40215974161865,160.1846074281314,162.12503051757812,51511700,0.0,0.0,AAPL
65,160.80827539475462,163.31302951982073,160.3825758088242,163.01602172851562,45390100,0.0,0.0,AAPL
66,159.80839731300316,160.4123077392578,158.4817793623607,160.4123077392578,47716900,0.0,0.0,AAPL
67,160.72912334632053,160.73901806921322,158.90748220210756,159.19459533691406,47644200,0.0,0.0,AAPL
68,159.61036940374873,160.441979159197,158.18474404786926,158.50155639648438,50133100,0.0,0.0,AAPL
69,160.01628790137767,164.14465273087802,159.80837789845614,163.90704345703125,68445600,0.0,0.0,AAPL
70,162.94674189589546,164.65948057952454,162.18444039601638,163.56056213378906,49386500,0.0,0.0,AAPL
71,163.4417206444433,163.73872843453088,162.39230621171848,163.580322265625,41516200,0.0,0.0,AAPL
72,164.4416518212544,165.73857027099072,163.99613256812546,164.80795288085938,49923000,0.0,0.0,AAPL
73,164.14464415802902,166.48108235627174,163.8872303481945,165.9563751220703,47720200,0.0,0.0,AAPL
74,164.43175373561738,166.19398100625685,163.90704646438456,164.9861602783203,52456400,0.0,0.0,AAPL
75,163.40213579346278,164.78815208279067,162.8477292777316,163.3724365234375,58337300,0.0,0.0,AAPL
76,163.35262947612597,163.94664508043508,162.25371118266517,163.67933654785156,41949600,0.0,0.0,AAPL
77,163.54075445626503,164.64956760321772,162.09532436989073,162.1349334716797,48714100,0.0,0.0,AAPL
78,161.43202227134714,163.6298592139988,161.174623524589,162.12503051757812,45498800,0.0,0.0,AAPL
79,163.54075427728802,166.87710354316513,163.54075427728802,166.72860717773438,64902300,0.0,0.0,AAPL
80,166.80779457565893,168.15421688581486,166.2038842356674,167.98590087890625,55209200,0.0,0.0,AAPL
81,167.5899022757501,168.74821914844807,166.95629265889536,167.8968048095703,52472900,0.0,0.0,AAPL
82,168.39178151885335,168.64919529149472,165.86723824171088,166.8572540283203,48425700,0.0,0.0,AAPL
83,167.80768799680482,169.21350870294293,165.49105451372273,165.7781524658203,65136000,0.0,0.0,AAPL
84,163.243711633137,165.37223965151196,162.6695006318279,164.1347198486328,81235400,0.0,0.0,AAPL
85,169.27294405611536,172.5598046719848,169.0551393113796,171.83709716796875,113316400,0.0,0.0,AAPL
86,170.7579559365768,172.11428813282294,170.3916548495959,171.7677764892578,55962800,0.0,0.0,AAPL
87,171.32225761857964,171.80735575023974,169.8867375588741,170.05503845214844,45326900,0.0,0.0,AAPL
88,171.29257694818676,172.29248769554175,170.1837487273319,171.82717895507812,53724500,0.0,0.0,AAPL
89,172.11428168700377,172.84688383352895,170.4510470092042,172.01527404785156,49514700,0.0,0.0,AAPL
90,172.1243165202818,172.5605284867848,169.52689179090092,171.0833740234375,45497800,0.24,0.0,AAPL
91,171.66828335580215,171.71785564660993,169.9928397669383,170.58767700195312,37266700,0.0,0.0,AAPL
92,170.50836436212853,171.64845141401116,170.3199987334625,170.58767700195312,42110300,0.0,0.0,AAPL
93,170.23080851956607,171.4402848957753,168.95191277084518,171.20236206054688,57951600,0.0,0.0,AAPL
94,171.50967954625827,173.73038835732433,171.09329948055986,173.54202270507812,65496700,0.0,0.0,AAPL
95,174.8704617599002,174.8704617599002,173.43295602393476,173.65106201171875,55772400,0.0,0.0,AAPL
96,172.481219573557,173.20494177332736,171.95578654636702,172.69932556152344,43570900,0.0,0.0,AAPL
97,171.6385439691014,171.88639029719062,169.80447509030535,170.08206176757812,50747300,0.0,0.0,AAPL
98,169.61611066863975,170.93465495874622,169.0510289027881,170.35964965820312,45143500,0.0,0.0,AAPL
99,170.92475054539574,172.4019050243478,170.21095188854838,171.499755859375,56058300,0.0,0.0,AAPL
100,171.826923039006,174.25581421879875,171.61872545109665,173.91873168945312,54835000,0.0,0.0,AAPL
101,175.4355461600694,177.44805707235744,175.04890650518007,175.77261352539062,55964400,0.0,0.0,AAPL
102,175.80235035598085,177.80495282122013,175.2372534954211,175.72303771972656,99625300,0.0,0.0,AAPL
103,176.16916396782793,178.56831456742498,175.4057930547119,178.53857421875,68901800,0.0,0.0,AAPL
104,179.4704869589175,180.21402596420296,177.71573067078862,179.39117431640625,61945900,0.0,0.0,AAPL
105,181.05670243794387,183.35670847100744,176.50623240767692,178.03297424316406,121946500,0.0,0.0,AAPL
106,178.41963092679066,178.56833268525313,175.9015035496613,177.6661834716797,64848400,0.0,0.0,AAPL
107,176.90278572567038,179.64892709288569,175.7924390908418,176.2881317138672,61944600,0.0,0.0,AAPL
108,176.3674229889806,179.28209792974448,175.93122620309688,179.01443481445312,50214900,0.0,0.0,AAPL
109,179.93641863686977,180.66012561666918,179.07391833043295,179.4010772705078,48870700,0.0,0.0,AAPL
110,179.7084305703386,182.30585540353945,179.41101193334958,182.2067108154297,54274900,0.0,0.0,AAPL
111,181.22521869290037,182.56357964467625,180.86831941362593,181.73081970214844,54929100,0.0,0.0,AAPL
112,181.7903054182597,182.8015225920405,180.45194442949565,182.3653106689453,57462900,0.0,0.0,AAPL
113,182.3752648056927,184.91320900884034,182.19680756750913,184.4075927734375,65433200,0.0,0.0,AAPL
114,185.12138568804832,185.37915556544473,182.68258615200966,183.3269805908203,101235600,0.0,0.0,AAPL
115,182.82137659501507,184.4968202621219,182.82137659501507,183.41619873046875,49799100,0.0,0.0,AAPL
116,183.30714894064778,183.8127651610623,181.01705115534045,182.37525939941406,49515700,0.0,0.0,AAPL
117,182.15715766621673,185.43864089866383,182.08775342754114,185.38906860351562,51245300,0.0,0.0,AAPL
118,183.95153754819322,185.94421646985703,183.41618103785228,185.07179260253906,53079300,0.0,0.0,AAPL
119,185.22052415803645,186.43001547826037,183.63430156934749,183.67396545410156,48088700,0.0,0.0,AAPL
120,184.28860667459685,186.7670698420573,184.07050070567323,186.43991088867188,50730800,0.0,0.0,AAPL
121,186.31103877905792,188.26406909954764,185.9838949305078,187.6196746826172,51216800,0.0,0.0,AAPL
122,187.4511250421375,188.43260188630063,187.3123317121149,187.95672607421875,46347300,0.0,0.0,AAPL
123,189.97918829297507,192.80462759541973,189.6123654098311,192.2990264892578,85069600,0.0,0.0,AAPL
124,192.11065327577057,192.20979786240994,190.1080506189076,190.80203247070312,31458200,0.0,0.0,AAPL
125,189.91970062749374,191.31754248795588,188.97787243386384,189.6817626953125,46920300,0.0,0.0,AAPL
126,188.20457782150964,190.36580559694158,187.57009184775086,190.15760803222656,45094300,0.0,0.0,AAPL
127,189.76106040417397,191.01020041329645,188.60114143984475,189.03733825683594,46778000,0.0,0.0,AAPL
128,187.62957811566648,188.3533002828443,185.42870151973196,186.9851837158203,59922200,0.0,0.0,AAPL
129,187.53046059023825,187.66925393721883,184.99251645839882,186.4597625732422,46638100,0.0,0.0,AAPL
130,188.0459566971953,190.04855924155865,186.84638895388292,188.13519287109375,60750200,0.0,0.0,AAPL
131,188.85889555641208,189.54295381895912,188.1450969456968,188.89854431152344,41342300,0.0,0.0,AAPL
132,188.59121259694425,189.5330255625977,187.9963905210603,189.04725646972656,41573900,0.0,0.0,AAPL
133,190.2468257033596,192.64599134916114,190.1576046603519,192.31883239746094,50520200,0.0,0.0,AAPL
134,191.6843647836334,192.65591819761897,190.76236853561463,192.0610809326172,48353800,0.0,0.0,AAPL
135,191.4365103758755,196.52230675519328,190.99037488225764,193.41928100585938,80507300,0.0,0.0,AAPL
136,193.40936968617578,194.77748634801802,190.84168518874347,191.4662628173828,59581200,0.0,0.0,AAPL
137,192.42791035637276,193.29041080540085,189.5826239989074,190.28651428222656,71917800,0.0,0.0,AAPL
138,191.74382595603396,193.2309038397432,190.59381542873754,191.08950805664062,45377800,0.0,0.0,AAPL
139,191.66453127210508,192.7649696142135,191.25805964859208,191.9520263671875,37283200,0.0,0.0,AAPL
140,192.0015959886147,193.95462630849192,191.6546201978147,192.82444763183594,47471900,0.0,0.0,AAPL
141,194.33134751765755,195.50117489112708,190.89123937354253,191.5554656982422,47460200,0.0,0.0,AAPL
142,192.99297950413737,194.9361013981904,192.46754649179775,194.1429901123047,48291400,0.0,0.0,AAPL
143,194.37098975201062,194.79729327585247,193.5778785263088,194.75762939453125,38824100,0.0,0.0,AAPL
144,194.54944325919743,195.0352123410956,193.59770678100793,193.92486572265625,35175100,0.0,0.0,AAPL
145,193.35975854022544,193.49855186010876,190.1972525280745,190.92095947265625,50389300,0.0,0.0,AAPL
146,189.91969553388512,190.71279169853844,189.04727159995883,189.52313232421875,61235200,0.0,0.0,AAPL
147,183.92183059501792,185.76580811380504,180.3528369691908,180.4222412109375,115799700,0.0,0.0,AAPL
148,180.5610076771683,181.55239296699656,175.8221872019764,177.30926513671875,97576100,0.0,0.0,AAPL
149,178.1420151343907,178.71702038544473,176.05019168536276,178.25106811523438,67823000,0.0,0.0,AAPL
150,179.31184291731705,179.37132361114365,175.48509529864398,176.65493774414062,60378500,0.0,0.0,AAPL
151,177.93383023619305,179.1928938087059,176.07003615011226,176.4368438720703,54686900,0.0,0.0,AAPL
152,176.02983256684112,177.32036168980022,175.26543082107975,176.49639892578125,51988100,0.24,0.0,AAPL
153,176.67511718788185,178.38260392804418,176.01991561712387,178.15428161621094,43675600,0.0,0.0,AAPL
154,177.5784931204611,178.17411849604412,175.7618061867858,176.1588897705078,43622600,0.0,0.0,AAPL
155,175.84121662599503,177.24094603057796,175.2157956243564,175.28529357910156,46964900,0.0,0.0,AAPL
156,175.85113106656488,176.2184341041098,172.21775754332145,172.73397827148438,66062900,0.0,0.0,AAPL
157,171.04636032936088,173.82599075554495,170.70883778094841,173.22042846679688,61114200,0.0,0.0,AAPL
158,173.7961908502,174.84847582356457,172.47586616641206,174.56057739257812,46311900,0.0,0.0,AAPL
159,175.77172944077836,176.38721354501158,174.96762533098521,175.94049072265625,42084200,0.0,0.0,AAPL
160,177.2211114741355,180.2290643006026,177.032491470534,179.80218505859375,52722800,0.0,0.0,AAPL
161,179.355459364837,179.78233860000068,174.72936147404116,175.0966796875,54945800,0.0,0.0,AAPL
162,176.08940889849805,177.84651968096887,174.54076169805765,177.31045532226562,51449600,0.0,0.0,AAPL
163,178.77968881089737,179.27605088665493,177.25090028258217,178.87896728515625,43820700,0.0,0.0,AAPL
164,178.3924962958512,183.55465796575328,178.19395452927148,182.78033447265625,53003900,0.0,0.0,AAPL
165,183.59439418869403,186.48322490340712,183.39585240180426,186.28466796875,60813900,0.0,0.0,AAPL
166,186.47328650618994,187.7439721096439,186.11590523348306,186.50306701660156,60794500,0.0,0.0,AAPL
167,188.11130822320726,188.53817234491697,186.91010531378714,188.08152770996094,45732600,0.0,0.0,AAPL
168,186.91011189063622,188.59774000764165,186.2449884917834,188.3197784423828,45280000,0.0,0.0,AAPL
169,187.02920802693,187.47594597496703,180.14963751857883,181.57916259765625,81755800,0.0,0.0,AAPL
170,173.90540860928058,176.9133767073295,172.27734161590178,176.26809692382812,112488800,0.0,0.0,AAPL
171,177.05233659559462,178.92858440411607,176.4963984153427,176.88356018066406,65551300,0.0,0.0,AAPL
172,178.7598181226865,178.98814040153138,176.0496706936909,178.0549774169922,58953100,0.0,0.0,AAPL
173,178.18404991763566,178.81939272059032,173.5480302988034,175.0172576904297,90370200,0.0,0.0,AAPL
174,175.22571224634177,176.00997270905043,172.71412167424248,172.9424591064453,84267900,0.0,0.0,AAPL
175,172.73398888645488,174.81871550108795,172.3170465930817,174.46133422851562,60895800,0.0,0.0,AAPL
176,175.1959388893145,175.2157976120051,172.55530438661506,173.73663330078125,109205100,0.0,0.0,AAPL
177,175.1959303652364,178.0748391046168,174.88818834345716,176.6750946044922,67257600,0.0,0.0,AAPL
178,176.22837977645918,178.32302815377042,175.84121799808253,177.76710510253906,51826900,0.0,0.0,AAPL
179,177.95569322220518,178.39249419218916,174.1237780961169,174.213134765625,58436200,0.0,0.0,AAPL
180,173.27998896827123,175.01725608596104,172.59500693822505,172.66448974609375,63047900,0.0,0.0,AAPL
181,173.39911221131908,175.79158086544706,172.7836281326413,173.5182342529297,56725400,0.0,0.0,AAPL
182,172.93251742028295,175.6823671360894,172.88287819083024,174.79884338378906,46172700,0.0,0.0,AAPL
183,173.54802313417602,173.92524796713502,170.41101154694528,170.70883178710938,64588900,0.0,0.0,AAPL
184,171.36402481079512,171.78096710415326,167.8200077433672,169.18995666503906,66921800,0.0,0.0,AAPL
185,168.1078907839796,170.77832096236608,166.40040416763804,169.4480743408203,56294400,0.0,0.0,AAPL
186,170.76839850543928,171.81076180692196,169.10061419351356,169.96429443359375,51814200,0.0,0.0,AAPL
187,169.97421860938772,173.03181060107437,169.6863201427267,172.48580932617188,52164500,0.0,0.0,AAPL
188,171.0066491138284,172.366691440067,169.57713912474932,171.1456298828125,49594600,0.0,0.0,AAPL
189,169.8451609338146,172.94247039530038,169.7260388902924,172.39646911621094,53020300,0.0,0.0,AAPL
190,172.52551359241795,174.17343922355133,171.42358924241523,173.6373748779297,48527900,0.0,0.0,AAPL
191,172.53545399514545,176.69497045530053,171.91995474415313,176.1986083984375,57224100,0.0,0.0,AAPL
192,175.52353680032698,177.74724412480685,174.52089096334598,177.68768310546875,42390800,0.0,0.0,AAPL
193,176.80415770883764,178.41236580749592,176.6552400140717,177.092041015625,43698000,0.0,0.0,AAPL
194,176.90341107776567,178.54141474149296,176.30778577549145,178.4917755126953,47551100,0.0,0.0,AAPL
195,178.759844529376,181.01331743803624,177.73732472140046,179.3951873779297,56743100,0.0,0.0,AAPL
196,180.09998356079097,180.60626734000098,176.84385010145385,177.54869079589844,51427100,0.0,0.0,AAPL
197,175.46397958471027,177.7770284883398,175.22572035442593,177.41964721679688,52517000,0.0,0.0,AAPL
198,175.36470667426025,177.12183257732815,173.5281761730158,175.86106872558594,57549400,0.0,0.0,AAPL
199,174.30247461631913,176.2879225352004,173.83589314356078,174.56057739257812,54764400,0.0,0.0,AAPL
200,174.75916209365136,176.54606868924478,173.91535560946087,174.1833953857422,59302900,0.0,0.0,AAPL
201,174.03445888939677,174.14365914589465,171.38388737014972,171.6221466064453,64189300,0.0,0.0,AAPL
202,169.66648220683237,172.7439178760632,168.69360166729962,171.74127197265625,55980100,0.0,0.0,AAPL
203,171.79089305137515,172.40637709061713,170.2025285754243,172.1780548095703,43816600,0.0,0.0,AAPL
204,170.62942613878033,171.80083332633419,169.4083645680371,169.8551025390625,57157000,0.0,0.0,AAPL
205,169.1303957533013,170.13305676328346,164.4645956319317,165.67572021484375,70625300,0.0,0.0,AAPL
206,165.69558183671225,167.73066925493364,165.6161620916175,166.9960479736328,58499100,0.0,0.0,AAPL
207,167.7902006289594,169.9245509905925,167.6412829528071,169.0509490966797,51131000,0.0,0.0,AAPL
208,238.67660292589414,241.29823402669174,233.09948844422817,235.24000549316406,25740000,0.0,0.0,MSFT
209,228.07224672935166,228.65155528390636,221.86674131670614,224.94985961914062,50623400,0.0,0.0,MSFT
210,223.0843004172486,223.42796620859252,217.7428428679085,218.2828826904297,39585600,0.0,0.0,MSFT
211,218.96037666884743,221.67037414337992,215.376502057129,220.85540771484375,43613600,0.0,0.0,MSFT
212,222.34786087714497,227.05109853622983,222.30859206839725,223.00572204589844,27369800,0.0,0.0,MSFT
213,223.6341254274707,227.11982022415233,223.21192206293,224.7043914794922,27033900,0.0,0.0,MSFT
214,227.100182955992,231.67577081089505,226.92345084138603,231.49903869628906,28669300,0.0,0.0,MSFT
215,230.99829585800464,235.55424237172366,229.3290940932467,234.18942260742188,27269500,0.0,0.0,MSFT
216,232.70674766587976,235.03381034817815,230.66442504459786,234.89634704589844,21333300,0.0,0.0,MSFT
217,233.65921748599973,236.54596231241507,232.79515373322812,235.99610900878906,29831300,0.0,0.0,MSFT
218,237.19398238340665,237.9893068890098,231.25357474268407,231.53831481933594,30028700,0.0,0.0,MSFT
219,229.5451006306224,231.25358612173252,226.50125078588513,227.72860717773438,28623000,0.0,0.0,MSFT
220,230.60553401218095,236.37902316517145,230.26186823597817,235.86843872070312,35389800,0.0,0.0,MSFT
221,236.73249848259866,240.728762962326,235.30875313249115,238.18568420410156,31934000,0.0,0.0,MSFT
222,238.10711498113173,239.5308452494921,236.0844342572351,237.6554412841797,40234400,0.0,0.0,MSFT
223,230.2324277347602,238.8926620229458,226.71727706998303,236.2513885498047,66526600,0.0,0.0,MSFT
224,239.23628611084743,243.81187403333118,237.61618177352415,243.5074920654297,33454500,0.0,0.0,MSFT
225,244.47956294350342,245.30434278619185,242.35868764883875,243.6645965576172,26498900,0.0,0.0,MSFT
226,240.0807204276458,241.1509865733433,237.81256824363442,238.31333923339844,25867400,0.0,0.0,MSFT
227,239.03991858279355,243.45840142159702,238.5489760451487,243.32093811035156,26541100,0.0,0.0,MSFT
228,243.50747876870054,250.55740584151195,241.02331092985187,248.1714324951172,31259900,0.0,0.0,MSFT
229,254.131528608111,259.89518980059495,252.58996168925287,259.80682373046875,39940400,0.0,0.0,MSFT
230,254.8384743854471,259.414062675439,252.44267227712933,253.67002868652344,29077300,0.0,0.0,MSFT
231,252.77646741867622,253.62087410426602,250.1646498198095,252.11859130859375,22518000,0.0,0.0,MSFT
232,255.8105144830151,263.90123782031543,255.36865421838652,262.7131652832031,50841400,0.0,0.0,MSFT
233,268.25102168143684,271.7465302451499,261.387624446795,261.8982238769531,54686000,0.0,0.0,MSFT
234,268.84012651357125,269.0168886035488,258.039390489122,258.84454345703125,42375100,0.0,0.0,MSFT
235,256.7924175253064,259.30604106753316,255.938182254322,258.333984375,25818500,0.0,0.0,MSFT
236,262.79173001037145,269.62564159022224,262.3105859582913,266.4050598144531,44630900,0.0,0.0,MSFT
237,267.73056646903945,269.9888897329087,264.401962304779,267.2396240234375,37047900,0.0,0.0,MSFT
238,264.11929330764815,266.49156688669603,262.01278189893924,265.1036376953125,28922400,0.68,0.0,MSFT
239,259.8866178016932,262.56403597864954,257.79981231844084,258.0458984375,29603600,0.0,0.0,MSFT
240,255.32910759019907,256.0181306443046,251.99216566482698,254.01991271972656,30000100,0.0,0.0,MSFT
241,250.49597073877874,251.49016824327242,247.6512158869296,248.7143096923828,28397400,0.0,0.0,MSFT
242,250.1120590242694,250.35814511839848,246.42076761233298,247.57244873046875,22491100,0.0,0.0,MSFT
243,251.559058591663,252.8190182527777,246.55858711540606,250.78143310546875,29219100,0.0,0.0,MSFT
244,246.04671856075686,247.07043006861863,244.21583748216142,245.31829833984375,24990900,0.0,0.0,MSFT
245,248.5075555663756,248.861920096605,245.4856115141553,246.24356079101562,21190000,0.0,0.0,MSFT
246,245.17067096137697,247.5527826462789,244.83598244472995,245.5151824951172,22491000,0.0,0.0,MSFT
247,246.8342018468034,247.00153859615037,241.9420088680049,242.4145050048828,27565300,0.0,0.0,MSFT
248,242.6901480387374,247.46421002017698,241.76486177291744,247.1787567138672,24808200,0.0,0.0,MSFT
249,248.24181531401277,251.61810937843563,247.4543367942358,251.29327392578125,30760100,0.0,0.0,MSFT
250,252.41541208786404,256.04764510840005,251.972460138509,252.84852600097656,24109800,0.0,0.0,MSFT
251,252.2874464179105,253.65569949180863,249.42301575717852,250.17111206054688,21473200,0.0,0.0,MSFT
252,250.06283815522548,250.55501034221174,246.88341003286706,249.72816467285156,17340200,0.0,0.0,MSFT
253,251.8150177695167,255.49645659511006,247.6413916729042,248.36981201171875,26653400,0.0,0.0,MSFT
254,247.1491888076624,248.8324092868265,243.72367456979757,244.6981658935547,28333900,0.0,0.0,MSFT
255,243.52680285893817,253.87227229864152,241.8829494842542,249.94473266601562,33339700,0.0,0.0,MSFT
256,252.7304541056199,256.9828296179448,251.85438808848426,256.70721435546875,33620300,0.0,0.0,MSFT
257,255.90988102264944,262.3081199500826,255.15191657038366,261.2843933105469,46028000,0.0,0.0,MSFT
258,261.05798023414945,272.23029562382413,259.1582026765928,271.8759460449219,54768800,0.0,0.0,MSFT
259,273.9037231072477,278.8943271274802,271.99409228395444,275.0553894042969,69527400,0.0,0.0,MSFT
260,272.64368331991255,273.1358554487767,265.6253039559413,267.9680480957031,43466600,0.0,0.0,MSFT
261,270.57662040493403,270.69473693831935,265.3005182751805,269.49383544921875,34558700,0.0,0.0,MSFT
262,269.1197685728432,276.64017464446556,267.91886713354575,268.02716064453125,34873300,0.0,0.0,MSFT
263,273.5886950746026,276.65984491000785,270.8916009314238,273.3130798339844,36610900,0.0,0.0,MSFT
264,272.8996068601629,276.23654848978384,270.97030042393084,276.177490234375,28172000,0.0,0.0,MSFT
265,276.1085945660647,277.0535567459473,271.20654881077553,272.0531005859375,26840200,0.0,0.0,MSFT
266,271.4723425051547,271.8168690429862,267.79087413033056,270.9211120605469,21878600,0.0,0.0,MSFT
267,274.59271732819036,276.73861104356007,274.0513399006214,276.11846923828125,25087000,0.0,0.0,MSFT
268,279.7802016370314,280.00658160899906,277.07325471108254,279.6029968261719,25053400,0.0,0.0,MSFT
269,279.28800755276933,284.7412531215559,278.56942542902976,283.78643798828125,32766000,0.0,0.0,MSFT
270,282.03430927205466,283.75691174361395,279.50456732978654,282.73321533203125,24883300,0.0,0.0,MSFT
271,282.7332257176792,285.9028155833691,281.1976510040957,282.6839904785156,25824300,0.0,0.0,MSFT
272,281.37485845642465,282.6544941864627,278.490736515466,279.88848876953125,22064800,0.0,0.0,MSFT
273,278.7761866204537,287.50731719041386,277.61466736506213,287.03485107421875,29770300,0.0,0.0,MSFT
274,284.68223121557776,285.06613994489004,280.25268148244174,284.85943603515625,23103000,0.0,0.0,MSFT
275,281.2763674995061,281.50277748977504,277.23072707898575,278.4020690917969,27276600,0.0,0.0,MSFT
276,280.331454092245,282.51669989305793,277.5457425781535,279.0517883300781,27403400,0.0,0.0,MSFT
277,279.1502457203857,285.3614569468839,278.7368378636827,285.3023986816406,24222700,0.0,0.0,MSFT
278,282.50689178472044,283.963732563657,279.2487136589597,281.6603698730469,20987900,0.0,0.0,MSFT
279,285.3909700049731,287.0348384011463,281.68000236209434,284.2786560058594,23836200,0.0,0.0,MSFT
280,287.00532200932577,287.1923498602999,282.51671366556474,283.85540771484375,20161800,0.0,0.0,MSFT
281,281.51263430866226,284.52472565141113,280.08535300849246,283.93414306640625,17150300,0.0,0.0,MSFT
282,280.78427646531526,284.50509757761904,280.6169246781258,281.63079833984375,23244400,0.0,0.0,MSFT
283,280.54802704778444,281.7882806530925,278.6285433150847,281.2862854003906,21676400,0.0,0.0,MSFT
284,277.67370102270286,280.48894155472334,274.35646528671094,277.35870361328125,26611000,0.0,0.0,MSFT
285,275.1340884128389,277.19136442128627,271.05888853978684,271.1081237792969,45772200,0.0,0.0,MSFT
286,292.0550447042532,294.88010880187886,288.1471955762277,290.745849609375,64599200,0.0,0.0,MSFT
287,291.336431237466,300.42194142413604,290.62770202416357,300.0577087402344,46462600,0.0,0.0,MSFT
288,299.25052694953416,304.09348419157374,298.5614739081994,302.44964599609375,36446700,0.0,0.0,MSFT
289,302.1642048581886,303.7686910534892,300.3726908217299,300.7762756347656,21294100,0.0,0.0,MSFT
290,302.94178547176466,304.33953743593224,299.1520542329191,300.6285705566406,26404400,0.0,0.0,MSFT
291,301.81970644560397,303.778542392161,299.3293160567343,299.63446044921875,22360800,0.0,0.0,MSFT
292,301.4455630382539,302.94178547176466,298.6500290701173,300.6285705566406,22519900,0.0,0.0,MSFT
293,300.93377975527426,307.085932430796,299.50646831862997,305.7865905761719,28181200,0.0,0.0,MSFT
294,305.2747115147881,305.3436228273613,301.2979520150605,303.81787109375,21318600,0.0,0.0,MSFT
295,303.1780393519697,305.1861101016797,301.514495109484,302.1936950683594,21340800,0.0,0.0,MSFT
296,303.78832991159567,308.0997627072867,302.8532208601683,307.4205627441406,30078000,0.0,0.0,MSFT
297,305.2452123832041,306.24923288297435,301.46533339371814,305.2550354003906,31680200,0.0,0.0,MSFT
298,305.68815505667965,305.78659550903757,301.8000125269122,304.1329040527344,19758100,0.0,0.0,MSFT
299,304.26085429922443,305.04831778842316,302.77448467056973,304.6152038574219,16336500,0.0,0.0,MSFT
300,304.9793957630767,308.79865663517415,304.9793957630767,306.8594970703125,26730300,0.0,0.0,MSFT
301,308.07289612814964,310.18398226866987,306.5438090074736,309.7597961425781,24315000,0.68,0.0,MSFT
302,310.2826700411064,314.73177784456124,309.483610472281,314.2187805175781,27276000,0.0,0.0,MSFT
303,312.4627684149511,314.44563523086384,312.0977696709312,314.0411682128906,27529500,0.0,0.0,MSFT
304,314.29771785830155,318.23382834454407,313.71568867126024,316.8428649902344,24115700,0.0,0.0,MSFT
305,315.7084147228856,318.36209222067146,310.9929635378551,311.0028381347656,30797200,0.0,0.0,MSFT
306,310.4799990237755,312.2260866800328,308.3886015273957,309.61187744140625,23384900,0.0,0.0,MSFT
307,318.87505739171115,322.4856374964896,315.6788189832587,321.5188903808594,43301700,0.0,0.0,MSFT
308,319.6444980132169,328.8978374792633,319.5064041956886,328.3947448730469,36630600,0.0,0.0,MSFT
309,330.7031610986949,331.20625373329415,326.0567419114066,326.7374267578125,29503100,0.0,0.0,MSFT
310,327.8028654551653,331.4035709455312,322.9098221088515,323.9555358886719,45950600,0.0,0.0,MSFT
311,321.5287039010863,329.02608115085206,320.33505191131786,328.0888977050781,26773900,0.0,0.0,MSFT
312,329.7363544841506,332.94246713059334,328.05929890382134,330.8708190917969,25864000,0.0,0.0,MSFT
313,330.6932554714019,333.98814914784583,330.14082001100866,331.4035339355469,21307100,0.0,0.0,MSFT
314,330.8017851103892,330.8412533912164,327.68448335101743,329.174072265625,20396200,0.0,0.0,MSFT
315,327.17146599385774,329.9731116515835,318.1450315839659,319.0131530761719,40717100,0.0,0.0,MSFT
316,319.5655851097024,322.2291369225087,318.98355595766924,320.8677673339844,23277700,0.0,0.0,MSFT
317,320.6013944671028,325.5338755296102,320.0292399102611,322.3771057128906,22514900,0.0,0.0,MSFT
318,324.1429125289751,327.6153984673946,320.76911233845874,327.3687744140625,24260300,0.0,0.0,MSFT
319,329.95344102696913,332.42955654153445,325.92854909660264,329.77587890625,22951300,0.0,0.0,MSFT
320,329.82511848977225,334.4616624272819,328.3157805876422,332.78460693359375,26003800,0.0,0.0,MSFT
321,332.9227084235041,345.1157855402514,332.6464907249022,343.3992919921875,38899100,0.0,0.0,MSFT
322,346.57586654973045,346.72383496475805,337.3324015901357,337.7072448730469,46533600,0.0,0.0,MSFT
323,334.7280106683064,337.4605942019211,331.32458686367323,333.4850158691406,26375400,0.0,0.0,MSFT
324,331.82774670017375,333.1693972869812,327.5858247663164,329.0556945800781,25117800,0.0,0.0,MSFT
325,329.6081094184592,335.52708668833833,328.838643577594,335.12261962890625,23556800,0.0,0.0,MSFT
326,329.8448500671527,333.396242355337,328.9471650313448,330.4959411621094,23084700,0.0,0.0,MSFT
327,329.2135454326496,331.5712559275852,324.05415896146803,324.1626892089844,21520600,0.0,0.0,MSFT
328,327.37863643109444,331.61071384237505,324.85320839821026,330.05206298828125,24354100,0.0,0.0,MSFT
329,330.14082540190753,333.4160000459161,329.30229760192987,331.31475830078125,20259500,0.0,0.0,MSFT
330,330.19013811405165,331.57122678735186,328.1283646472187,330.5255432128906,16997000,0.0,0.0,MSFT
331,333.18910383853483,338.1018659336961,332.64654295071426,335.9414367675781,26823800,0.0,0.0,MSFT
332,334.60964977189394,336.2965498508415,332.0250345348407,333.42584228515625,12508700,0.0,0.0,MSFT
333,330.5650032791807,337.0364158494364,330.2098791029289,333.58367919921875,18172400,0.0,0.0,MSFT
334,332.74513862980643,338.3583041195477,330.969457605854,336.6615295410156,28161200,0.0,0.0,MSFT
335,334.7379078689779,337.17455476042386,332.4492293908837,332.666259765625,21185300,0.0,0.0,MSFT
336,330.08161258316045,330.7031099646927,323.1662650474364,327.3489990234375,32791400,0.0,0.0,MSFT
337,326.58944439701025,328.36512559547043,322.58427205153635,327.98040771484375,26698200,0.0,0.0,MSFT
338,332.0546721061305,337.03646655154864,331.13723774065795,332.6465759277344,29995300,0.0,0.0,MSFT
339,334.9746317791757,339.0981784792485,334.4419154262678,338.03277587890625,20567200,0.0,0.0,MSFT
340,342.8962140090438,346.684355842652,339.66050764457793,340.57794189453125,28302200,0.0,0.0,MSFT
341,341.0120279721599,342.3043356947929,337.57904017391905,341.0613708496094,20363900,0.0,0.0,MSFT
342,341.1600154859038,361.82712581899557,337.5494653799333,354.63555908203125,64872700,0.0,0.0,MSFT
343,356.86503882465547,357.5654427726351,347.6807606209098,350.28509521484375,39732900,0.0,0.0,MSFT
344,348.79548040834504,353.13605781346064,340.70619925367106,342.1859436035156,33778400,0.0,0.0,MSFT
345,344.4351622996389,345.56962697471664,335.2410099540345,339.1278076171875,69368900,0.0,0.0,MSFT
346,341.1797347293557,342.2352929441679,337.6875295682125,340.44970703125,26678100,0.0,0.0,MSFT
347,342.42271258678073,347.1381937516986,340.41028183220885,346.240478515625,41637700,0.0,0.0,MSFT
348,336.82928631733375,340.01568008356725,328.611755590644,333.2088317871094,58383700,0.0,0.0,MSFT
349,335.8822723979397,336.72077017189247,324.6065967639276,326.2540588378906,39635300,0.0,0.0,MSFT
350,329.16417596335543,335.418557796275,328.67092789982416,333.8006896972656,28484900,0.0,0.0,MSFT
351,332.37034639692763,333.1398123061402,328.8583918744818,331.38385009765625,25446000,0.0,0.0,MSFT
352,330.66369203212577,333.96846060651745,329.1938222018752,331.79815673828125,18311900,0.0,0.0,MSFT
353,329.1247724313431,329.1247724313431,321.9529249093119,323.0775451660156,27761300,0.0,0.0,MSFT
354,321.597779707483,325.42539000063243,321.5484669368351,322.2488708496094,18253700,0.0,0.0,MSFT
355,327.3983388650913,330.61432586715995,322.820982393301,323.35369873046875,23727700,0.0,0.0,MSFT
356,323.9357887677664,326.6387790256658,323.09726088247197,325.65228271484375,17741500,0.0,0.0,MSFT
357,322.54480993915706,324.31064668065517,318.6382931645677,321.6470947265625,22327600,0.0,0.0,MSFT
358,322.0614270294025,322.69276896492516,316.7146041895466,317.8786926269531,22373300,0.0,0.0,MSFT
359,321.6175143529931,323.8272865467836,316.842875851902,318.5692443847656,20113700,0.0,0.0,MSFT
360,315.9352987108156,318.05625962756983,314.8994595848591,316.6751708984375,24342600,0.0,0.0,MSFT
361,317.0500366268224,319.6839646920239,315.7576988733088,319.66424560546875,18836100,0.0,0.0,MSFT
362,318.63826143664926,320.70003480975896,316.56661346813354,317.5136413574219,16966300,0.0,0.0,MSFT
363,317.13801214006867,320.7167146880456,316.1494272765782,316.7425842285156,20698900,0.68,0.0,MSFT
364,316.88098033707746,318.19578484702873,312.60039125699797,313.26275634765625,21257200,0.0,0.0,MSFT
365,310.9000660727955,314.74567594521795,307.99362395485656,312.86737060546875,24744800,0.0,0.0,MSFT
366,314.3007663479363,319.0855132833144,313.4209415411844,318.2056884765625,24040000,0.0,0.0,MSFT
367,321.7843590357293,322.357724957099,317.7904679139887,318.779052734375,16102000,0.0,0.0,MSFT
368,320.1235498834675,325.44214114565574,319.76764365334907,323.2672424316406,21166400,0.0,0.0,MSFT
369,329.05051469511534,329.1790355688359,316.30763989649853,316.3175354003906,23281400,0.0,0.0,MSFT
370,317.8003790491066,321.64595850158366,315.16084417438077,319.29315185546875,21684100,0.0,0.0,MSFT
371,321.94250039743423,322.426897251365,318.04747422506335,320.0048828125,14808500,0.0,0.0,MSFT
372,318.2056753742059,325.22463338047504,318.2056753742059,324.6611328125,19284600,0.0,0.0,MSFT
373,324.9181788505266,326.0451498323158,322.72351939208045,325.03680419921875,15222100,0.0,0.0,MSFT
374,325.44218047674366,327.1326523087655,323.0497916021966,324.01861572265625,26411000,0.0,0.0,MSFT
375,327.5280384500807,328.2002688955857,323.04975036551434,324.9082946777344,14931200,0.0,0.0,MSFT
376,325.2444131923776,331.02764055502126,324.9082979662232,329.7424621582031,18553900,0.0,0.0,MSFT
377,329.57446216279004,330.6421206560539,326.41097819074616,329.0801696777344,17535800,0.0,0.0,MSFT
378,327.5082949368657,329.27784015884396,325.27408344304047,326.14404296875,18381000,0.0,0.0,MSFT
379,326.3219766279449,332.32269403883413,325.699163331797,330.4542541503906,19530100,0.0,0.0,MSFT
380,333.3903759343724,334.556929093658,331.60103960424,334.0823974609375,16583300,0.0,0.0,MSFT
381,331.9865748697913,332.94550339059816,327.69612019842117,327.9827880859375,17565500,0.0,0.0,MSFT
382,327.52803797035625,333.0048063818992,327.38965178199726,332.22381591796875,16544400,0.0,0.0,MSFT
383,335.27855480966366,336.9690265009899,332.7280191029121,334.8337097167969,20267000,0.0,0.0,MSFT
384,333.07403125618623,333.54853269059,325.88699986571044,326.45050048828125,37666900,0.0,0.0,MSFT
385,324.058114839662,326.6284415872305,322.63455018467687,325.3037414550781,16834200,0.0,0.0,MSFT
386,322.44673584714667,325.6299802911353,320.8056813654168,324.8984069824219,16505900,0.0,0.0,MSFT
387,325.74858912301113,325.82766263304757,316.85132586781475,317.10833740234375,21436500,0.0,0.0,MSFT
388,315.6156002828941,321.6360782353787,311.40421928226147,315.88250732421875,35529500,0.0,0.0,MSFT
389,317.6521256558587,317.7806465273566,312.5411281531975,313.3913269042969,21447900,0.0,0.0,MSFT
390,312.97611540381934,314.0438040776846,311.4042689048914,313.915283203125,17836000,0.0,0.0,MSFT
391,311.5327326754824,312.27417127506453,306.48104866233854,308.5768737792969,26297600,0.0,0.0,MSFT
392,308.73505530094553,310.71222512078947,306.15486316727345,309.219482421875,19410100,0.0,0.0,MSFT
393,307.43997954346224,311.8787458429494,305.9175806621763,310.05975341796875,19683600,0.0,0.0,MSFT
394,314.1228607733478,315.8232280557425,311.3844913845662,312.14569091796875,24140300,0.0,0.0,MSFT
395,312.66960950158256,318.21558609786393,311.58216015238867,318.1265869140625,20570000,0.0,0.0,MSFT
396,317.167696875075,317.72133220387497,307.65751446392886,309.8126525878906,21033500,0.0,0.0,MSFT
397,310.4453144529802,316.38671934680445,310.4156581127954,315.31903076171875,20720100,0.0,0.0,MSFT
398,315.4475094779053,316.327364401189,311.3053368933147,315.71441650390625,16965600,0.0,0.0,MSFT
399,312.93649686639475,325.4322228400408,312.6893506739022,323.5242614746094,25645500,0.0,0.0,MSFT
400,321.0429514638944,326.529585679886,319.49086590519653,326.0550842285156,19891200,0.0,0.0,MSFT
401,327.1820587892371,327.3204751601556,323.92963610326484,324.64141845703125,20557100,0.0,0.0,MSFT
402,327.4292177169471,329.02085519813727,325.38286976858666,328.62542724609375,20063200,0.0,0.0,MSFT
403,326.79652976741545,329.82159726019745,324.9676416006663,327.3797912597656,19313100,0.0,0.0,MSFT
404,328.58583561463803,330.01926553838706,322.63453553932317,323.9889221191406,21072400,0.0,0.0,MSFT
405,327.2709582250178,332.30288097930014,326.8261132042618,328.84283447265625,22158000,0.0,0.0,MSFT
406,325.8276948133406,329.65351356385685,323.67258696373347,328.2695007324219,18338500,0.0,0.0,MSFT
407,328.6945726494821,331.759191769858,324.55239964479256,326.34173583984375,23153600,0.0,0.0,MSFT
408,328.35844548463956,333.0344625947889,327.1326099487148,327.5379333496094,25052100,0.0,0.0,MSFT
409,327.9333816774439,328.13111072358873,321.73496526369917,322.9410400390625,25012600,0.0,0.0,MSFT
410,321.7547330640911,328.9318691915997,320.68707463176605,325.560791015625,24374700,0.0,0.0,MSFT
411,327.5181269130942,328.0519711439017,323.86038131335783,326.7569274902344,31153600,0.0,0.0,MSFT
412,341.08157042022475,342.24812359609695,333.7660477847726,336.78125,55053800,0.0,0.0,MSFT
413,336.6526868052071,337.7302406507204,323.20792706940125,324.1470947265625,37828500,0.0,0.0,MSFT
414,326.6581143687127,332.876322086507,324.65128814798715,326.0451965332031,29856500,0.0,0.0,MSFT
415,329.60408920215934,335.5751503381647,328.04210819348634,333.4595642089844,22828100,0.0,0.0,MSFT
416,89.16371064442977,90.61677037760805,88.09880220510901,88.69595336914062,28131200,0.0,0.0,GOOGL
417,89.92009958818068,90.21867518028262,86.8547528692259,87.66090393066406,34854800,0.0,0.0,GOOGL
418,87.05380204485257,87.1533247069017,85.4912727120948,85.78984069824219,27194400,0.0,0.0,GOOGL
419,86.37704473293368,87.2727639545087,84.45622757731456,86.92442321777344,41381500,0.0,0.0,GOOGL
420,87.93956719506664,89.62152828865293,87.44194628861791,87.60118103027344,29003900,0.0,0.0,GOOGL
421,85.57089787842811,88.24809330021212,85.42161008183072,87.99928283691406,30467800,0.0,0.0,GOOGL
422,88.75566389809731,91.1641472282376,88.58647461468658,91.08452606201172,26862000,0.0,0.0,GOOGL
423,91.0447213124675,91.432864998952,89.32294969329632,90.69638061523438,30258100,0.0,0.0,GOOGL
424,90.41771741423032,91.75134539532985,89.70114209221775,91.68167877197266,26329200,0.0,0.0,GOOGL
425,91.62195415344863,91.81105251796343,89.6215236794331,90.85562133789062,32602400,0.0,0.0,GOOGL
426,91.70158285357975,92.35844611498095,90.2087200883145,90.68643951416016,29116700,0.0,0.0,GOOGL
427,90.28833877439054,93.16458701556465,90.19876306253057,92.60725402832031,37000400,0.0,0.0,GOOGL
428,94.64749230458399,97.83227057478473,94.56787113938321,97.55359649658203,63191100,0.0,0.0,GOOGL
429,97.48393658664499,99.56399601043773,97.03608078946915,99.315185546875,40005100,0.0,0.0,GOOGL
430,97.63321326625847,99.13603042112301,96.73749418080635,97.23511505126953,33078500,0.0,0.0,GOOGL
431,95.11526275334147,95.70245938987009,93.313877444999,94.76692962646484,42330000,0.0,0.0,GOOGL
432,96.0408260243726,97.10573436154094,94.92615256394458,97.05596923828125,30114000,0.0,0.0,GOOGL
433,96.84697541487013,99.84265530593878,96.84697541487013,98.89717864990234,33879800,0.0,0.0,GOOGL
434,97.01616832917084,97.82231171021904,95.94130542571196,96.4787368774414,27226200,0.0,0.0,GOOGL
435,96.40907756904596,98.40950815466127,96.35931244094722,98.36969757080078,29870700,0.0,0.0,GOOGL
436,98.24031608663826,100.70851906446003,97.11569559851715,99.95213317871094,35531100,0.0,0.0,GOOGL
437,105.29657692633798,107.33681789479918,105.10747856990469,107.22734069824219,69883800,0.0,0.0,GOOGL
438,102.44023732028235,107.29701450167059,102.09190421385664,104.28143310546875,65309300,0.0,0.0,GOOGL
439,101.91275662788445,103.8634295449767,101.3952266662137,102.4103775024414,31999600,0.0,0.0,GOOGL
440,102.72885610117324,107.66525433974004,102.62933344338565,107.12782287597656,49010200,0.0,0.0,GOOGL
441,101.56442693043918,102.64923682856325,97.57350525697757,98.89717864990234,94743500,0.0,0.0,GOOGL
442,99.52418468225432,99.55404072276416,93.18449138448133,94.55792999267578,119455000,0.0,0.0,GOOGL
443,94.99582806779736,96.28964546267231,93.80154092875313,94.1200180053711,54980700,0.0,0.0,GOOGL
444,94.28920688773186,94.74701720884225,93.39348774073657,94.15982818603516,50076100,0.0,0.0,GOOGL
445,93.98068174209502,94.39868146803326,91.82100889832186,94.2294921875,54726100,0.0,0.0,GOOGL
446,94.04039005423793,96.65788069468455,93.70201150671859,96.4787368774414,50169000,0.0,0.0,GOOGL
447,94.9162087541605,97.21521477469815,94.28920158994696,95.0555419921875,42462600,0.0,0.0,GOOGL
448,94.39868291013072,95.10530367470463,92.76648697078687,93.90106201171875,34284100,0.0,0.0,GOOGL
449,92.55748257079424,92.65700522698316,91.28357434815544,91.35324096679688,33629300,0.0,0.0,GOOGL
450,91.26367049827103,91.67172328308142,90.1788605753032,91.21391296386719,30884000,0.0,0.0,GOOGL
451,91.4826172903113,91.50252637688843,89.33289911857833,90.45751953125,41206400,0.0,0.0,GOOGL
452,89.01442457610861,89.46228032650424,88.15851606340819,88.70589447021484,36585100,0.0,0.0,GOOGL
453,89.4423828125,89.73100384409955,88.91489828317458,89.4423828125,27502300,0.0,0.0,GOOGL
454,88.90495506752045,90.79591607528975,88.89500052309056,89.63147735595703,30142000,0.0,0.0,GOOGL
455,89.55186454339591,90.59686392466584,89.24333440817962,89.9300537109375,31111200,0.0,0.0,GOOGL
456,89.23338599577193,91.84091472708995,89.16371177840199,91.56224822998047,32204400,0.0,0.0,GOOGL
457,92.03996798749574,93.28402027780899,92.01010435433045,93.20439910888672,35160100,0.0,0.0,GOOGL
458,93.5726338624318,95.51335999397993,93.55273236671877,94.67735290527344,32639300,0.0,0.0,GOOGL
459,94.52807232544816,95.21478402463518,93.08496711653402,93.41339874267578,27835500,0.0,0.0,GOOGL
460,93.67215786383373,95.503399070826,93.55272611825472,93.8015365600586,34103300,0.0,0.0,GOOGL
461,93.60250146148456,95.07545518561926,91.46272990977579,91.88072967529297,28813500,0.0,0.0,GOOGL
462,91.73142650002876,92.3484790931476,89.96985201598534,90.1987533569336,35941000,0.0,0.0,GOOGL
463,89.661324698127,92.12952755390786,88.99451455477161,90.67647552490234,37335600,0.0,0.0,GOOGL
464,92.11957834566286,93.91101661837747,92.00015418954344,93.52287292480469,36050200,0.0,0.0,GOOGL
465,92.77644636636741,96.46879271449647,92.19920427168174,95.65269470214844,50622100,0.0,0.0,GOOGL
466,95.74225996804023,100.70852211278338,95.04559373185006,99.84265899658203,65492000,0.0,0.0,GOOGL
467,99.78294515178816,102.35066322909664,99.62370281885212,101.136474609375,61028500,0.0,0.0,GOOGL
468,99.6436083783907,101.26584972399411,99.3947979368084,100.73837280273438,32960400,0.0,0.0,GOOGL
469,100.76823312250937,104.59991256706779,100.73837708314564,104.42076873779297,42110300,0.0,0.0,GOOGL
470,103.77386251455106,106.08282326179875,102.83834035547768,102.8781509399414,43427400,0.0,0.0,GOOGL
471,104.56010268824097,105.79420800627038,103.96295911766454,105.0975341796875,40797800,0.0,0.0,GOOGL
472,104.49043770663731,104.98805862211833,103.34590808241246,104.93830108642578,30393300,0.0,0.0,GOOGL
473,104.12219906093443,104.2615323044318,101.44499620942092,101.97247314453125,31120900,0.0,0.0,GOOGL
474,101.95257284782572,101.96251979884079,99.2654154207413,100.54927825927734,32057900,0.0,0.0,GOOGL
475,101.793334518348,102.00233439427095,100.1710930472741,100.9075698852539,28779600,0.0,0.0,GOOGL
476,100.4298517146947,100.67866215981911,99.30522364315344,100.40994262695312,33086200,0.0,0.0,GOOGL
477,100.8180045169263,103.39567731678657,100.55923950453533,103.23644256591797,36863400,0.0,0.0,GOOGL
478,101.90279881082961,104.0326154780684,101.4449885321148,103.8634262084961,25035400,0.0,0.0,GOOGL
479,103.83357415733603,105.07762635151548,103.54495313711536,104.22171783447266,24420100,0.0,0.0,GOOGL
480,105.2766800226226,105.59515710589082,103.16677219338038,103.97291564941406,28290500,0.0,0.0,GOOGL
481,104.75915364055206,108.65054511701238,103.83357846595176,107.90411376953125,48711500,0.0,0.0,GOOGL
482,106.4709641629739,107.07805463574618,104.6198139282229,105.93353271484375,27067400,0.0,0.0,GOOGL
483,106.04301910676263,106.22216293833723,104.18191416724264,104.84872436523438,26311800,0.0,0.0,GOOGL
484,106.07286892315904,106.24205820052738,103.84352190700692,104.14209747314453,24370300,0.0,0.0,GOOGL
485,105.33638488558677,106.97853531836758,105.33638488558677,106.9188232421875,24843600,0.0,0.0,GOOGL
486,106.38139243712666,108.42164110764425,106.33162731127321,108.35197448730469,26578000,0.0,0.0,GOOGL
487,104.16201774578109,105.65488055059328,104.02267689835315,105.46578216552734,37571200,0.0,0.0,GOOGL
488,105.98329077756064,106.03305590180257,103.57480758885212,104.00276184082031,26596400,0.0,0.0,GOOGL
489,103.08715206626977,104.48049216706148,102.57957659955501,103.68429565429688,20905700,0.0,0.0,GOOGL
490,103.41557815605778,105.74444030250633,103.37576757324341,104.78900909423828,27820800,0.0,0.0,GOOGL
491,104.96815934695626,105.49563631362956,104.28144003927596,104.908447265625,25800100,0.0,0.0,GOOGL
492,104.98806272702657,106.12263785123642,104.20182073865433,105.46578216552734,23542800,0.0,0.0,GOOGL
493,105.3264476991522,106.18235630484261,103.34591093386543,103.35586547851562,46664100,0.0,0.0,GOOGL
494,104.42077155594797,105.84396768440436,102.14166684153358,103.2165298461914,53347600,0.0,0.0,GOOGL
495,103.95299784504715,107.85435127935429,103.0473318001292,107.07805633544922,50089200,0.0,0.0,GOOGL
496,106.53068615790889,106.83920869473445,104.5899600378611,106.82925415039062,36139800,0.0,0.0,GOOGL
497,106.33163086061985,107.47616045562452,106.31172936546945,106.6899185180664,26681700,0.0,0.0,GOOGL
498,106.63020263275621,106.68991470916808,103.21652305785557,104.81886291503906,30997200,0.0,0.0,GOOGL
499,105.0278714282875,106.97854454706649,104.46058387636243,104.908447265625,21795400,0.0,0.0,GOOGL
500,104.98806056672765,105.09753777760864,103.47529629660639,104.1918716430664,23419500,0.0,0.0,GOOGL
501,104.32124898163032,105.37620289836305,103.61462818899871,105.06768035888672,26625100,0.0,0.0,GOOGL
502,104.67952961034783,107.44630051441501,104.65962811592014,107.2572021484375,26511400,0.0,0.0,GOOGL
503,107.8742552366085,109.62588288426798,106.67996814548604,106.83920288085938,36360100,0.0,0.0,GOOGL
504,107.45624924866145,112.40260179010814,107.41643866886629,111.21826171875,63153400,0.0,0.0,GOOGL
505,114.85091156460763,117.35891769778799,113.86562425440385,116.01534271240234,78900000,0.0,0.0,GOOGL
506,116.12481417824908,117.46838909715726,115.55752665279486,116.95086669921875,41073800,0.0,0.0,GOOGL
507,115.55752919181069,117.91625505636303,115.45800652768493,115.95562744140625,36266800,0.0,0.0,GOOGL
508,115.93571827523857,120.1754505833764,115.87600619542154,118.94135284423828,45035600,0.0,0.0,GOOGL
509,119.04086394316722,121.0910594773573,118.32428868260982,120.26500701904297,33323600,0.0,0.0,GOOGL
510,120.37449262022581,122.72326387464808,120.25506846385703,122.24555206298828,35234200,0.0,0.0,GOOGL
511,122.96212233272476,125.37060556659539,121.56878235183454,122.1758804321289,41330300,0.0,0.0,GOOGL
512,122.35502582680218,125.82841748352126,122.15597291663258,124.45498657226562,35253000,0.0,0.0,GOOGL
513,123.5692224434729,124.03697969958147,121.62849642613534,121.9768295288086,34046300,0.0,0.0,GOOGL
514,120.54368432083105,121.32992621989823,119.28967758115877,120.3247299194336,34182600,0.0,0.0,GOOGL
515,123.92750849840978,124.72370499429998,121.37969186050914,122.89246368408203,42317000,0.0,0.0,GOOGL
516,122.58393158206252,124.66399090771507,121.86735626591603,124.01708221435547,35635900,0.0,0.0,GOOGL
517,125.04217814334058,125.06208723131287,121.41949862779474,123.08155059814453,35076700,0.0,0.0,GOOGL
518,122.16593049458432,123.46969481793454,121.91712004551185,122.28536224365234,37325800,0.0,0.0,GOOGL
519,122.23559799694154,123.82798336385527,122.03655267348697,123.13131713867188,30772700,0.0,0.0,GOOGL
520,123.40003273525558,125.5497587390049,123.17113136582034,124.07679748535156,26963100,0.0,0.0,GOOGL
521,123.41993964810082,126.82366483426891,123.2507427687404,125.4104232788086,32305500,0.0,0.0,GOOGL
522,125.41042902818297,127.6795716632302,124.76352029992727,126.70423889160156,26638300,0.0,0.0,GOOGL
523,126.36584609093107,128.4259886146352,121.53892512668912,121.9171142578125,52539000,0.0,0.0,GOOGL
524,121.64841360475143,122.64365544606527,120.66311871482401,121.558837890625,29389200,0.0,0.0,GOOGL
525,121.66830847720398,123.17112570184304,121.3299299142625,121.64840698242188,23762500,0.0,0.0,GOOGL
526,122.20574275748704,123.45974956411615,121.0811222457333,123.05169677734375,28306400,0.0,0.0,GOOGL
527,124.38532088531461,124.56446470926541,122.59388264580667,123.24079132080078,22278300,0.0,0.0,GOOGL
528,122.5142630804105,123.45974733869542,120.87211260494071,123.08155059814453,30592300,0.0,0.0,GOOGL
529,122.55407071303016,124.86303131123523,121.81759393072211,124.49478912353516,35246300,0.0,0.0,GOOGL
530,125.33079673890096,125.5099405617093,122.69340452264717,122.94221496582031,45514000,0.0,0.0,GOOGL
531,122.34507768010195,123.97727366337496,121.55883572827894,122.51426696777344,26097500,0.0,0.0,GOOGL
532,121.81759809801702,122.07636309263388,119.52853891590576,119.97640228271484,30306300,0.0,0.0,GOOGL
533,119.429020209191,122.65360162877322,118.26458908449361,122.56403350830078,26952200,0.0,0.0,GOOGL
534,120.80244992420262,122.20574454143095,120.48397284408658,121.75788116455078,34885300,0.0,0.0,GOOGL
535,120.1853997584649,121.41949744247009,117.70724225347334,117.77690887451172,33969900,0.0,0.0,GOOGL
536,116.52290793494869,118.51339146949954,115.54756766205826,117.76696014404297,39535900,0.0,0.0,GOOGL
537,116.5328533286732,119.81715415403947,116.29399743378409,119.608154296875,27091400,0.0,0.0,GOOGL
538,118.67262791972016,119.48872587696212,117.73710580825735,118.53329467773438,24090900,0.0,0.0,GOOGL
539,119.59819695723526,120.50387057686662,119.12048517862524,119.13043212890625,29519700,0.0,0.0,GOOGL
540,118.67262744367262,119.61811168831736,118.25462771939205,119.3294906616211,14467900,0.0,0.0,GOOGL
541,118.67262585976906,122.02659333927569,118.66267890915145,121.17068481445312,27584800,0.0,0.0,GOOGL
542,119.22996777471036,119.72758866259632,117.83662777001128,119.53849029541016,24745200,0.0,0.0,GOOGL
543,119.52852877000684,120.47401295762036,118.83186260489518,118.91148376464844,21692600,0.0,0.0,GOOGL
544,117.73711569558557,117.74706264721117,115.58738962197427,115.89591217041016,35315200,0.0,0.0,GOOGL
545,115.73667231326417,117.14991387720602,114.80114257142738,116.58262634277344,23078800,0.0,0.0,GOOGL
546,118.2347265266947,119.75744523552781,117.8465828398585,118.36410522460938,30404400,0.0,0.0,GOOGL
547,120.35458719688465,124.23603160712076,119.87686780772502,123.9474105834961,44297900,0.0,0.0,GOOGL
548,124.20618186143912,126.17675640796054,122.90240991720911,124.82322692871094,33266800,0.0,0.0,GOOGL
549,125.34075523343135,126.49523177773591,123.60902902733594,124.05689239501953,25716200,0.0,0.0,GOOGL
550,124.00712678682312,124.08674795318163,122.37493084193565,123.17112731933594,26226400,0.0,0.0,GOOGL
551,124.00712721064436,124.5843692790778,121.22045471640399,121.44935607910156,37224000,0.0,0.0,GOOGL
552,120.84225038010163,123.4995440064544,117.65747984586895,118.6328125,37906800,0.0,0.0,GOOGL
553,120.04606470909158,120.41429930342547,118.16505837628159,119.44891357421875,72937900,0.0,0.0,GOOGL
554,121.08112274560483,122.41474313178708,120.40435800830701,120.95173645019531,29686100,0.0,0.0,GOOGL
555,120.78254786384007,122.56403163253377,120.44416169668466,121.62850189208984,52509600,0.0,0.0,GOOGL
556,129.45110367587904,130.35676214061976,127.70943058695467,128.6549072265625,61682100,0.0,0.0,GOOGL
557,131.04350522771372,132.60604237254472,128.17720356321126,128.7843017578125,44952100,0.0,0.0,GOOGL
558,130.1577044124772,133.10362643815824,129.94871216599972,131.9491424560547,36591200,0.0,0.0,GOOGL
559,132.0984479281434,132.89464445399818,131.15297119764708,132.0885009765625,28055500,0.0,0.0,GOOGL
560,130.15771659691958,131.99891993360347,130.05818634611023,130.92405700683594,23166800,0.0,0.0,GOOGL
561,128.8340352454686,129.4709893270976,126.95302903673739,127.76913452148438,26273300,0.0,0.0,GOOGL
562,127.36109434055177,128.7743358739839,126.81370831340226,127.83880615234375,20089500,0.0,0.0,GOOGL
563,128.6648583264697,130.88424328208276,127.30138192389168,127.50042724609375,26130000,0.0,0.0,GOOGL
564,128.54542623298215,130.9837654483107,128.4060929974258,130.90414428710938,22746300,0.0,0.0,GOOGL
565,129.998477634037,130.88424221889798,128.92361467945548,130.77476501464844,23535200,0.0,0.0,GOOGL
566,131.03352848369946,131.411710010648,128.38618186414243,129.0430450439453,24912900,0.0,0.0,GOOGL
567,130.6951554251583,131.4216776590085,128.83404300432582,129.07290649414062,20857800,0.0,0.0,GOOGL
568,128.04783081475176,129.31177713630112,127.56015680028686,128.94354248046875,19569200,0.0,0.0,GOOGL
569,128.77433710267465,130.74491163303028,128.34639041402843,130.70510864257812,24695600,0.0,0.0,GOOGL
570,130.47620201058947,130.79467147990303,128.6648547013604,129.1624755859375,19770700,0.0,0.0,GOOGL
571,128.0876007080078,129.66008437897048,127.26155588739324,128.0876007080078,25216100,0.0,0.0,GOOGL
572,129.18239468568078,131.36197675884557,128.6748116249142,129.30181884765625,33446300,0.0,0.0,GOOGL
573,127.89851493202701,128.63499931194184,125.77865268655036,126.853515625,30491300,0.0,0.0,GOOGL
574,126.57484564637545,128.11746579787294,125.95779302992129,127.7591781616211,25248700,0.0,0.0,GOOGL
575,127.89852516645765,129.66010749983826,127.70944197062904,128.4658203125,22067500,0.0,0.0,GOOGL
576,129.56056100573272,132.77520272479933,129.25203849949906,131.74014282226562,27819700,0.0,0.0,GOOGL
577,133.3126319409684,133.6112075089515,128.95348331867828,129.1624755859375,28500700,0.0,0.0,GOOGL
578,128.92361491657198,130.13781111641472,126.64451789723837,129.2620086669922,26762900,0.0,0.0,GOOGL
579,130.6851874909537,131.90933055130816,129.52075650385797,130.38661193847656,20543300,0.0,0.0,GOOGL
580,131.61077243629086,135.92017096898465,131.61077243629086,133.9296875,43075600,0.0,0.0,GOOGL
581,134.1387025629242,135.6315654184423,133.43208931557663,135.2334747314453,28315800,0.0,0.0,GOOGL
582,135.36283712876264,137.34337385647325,135.14388270916908,135.52207946777344,30053800,0.0,0.0,GOOGL
583,136.80593398907862,136.80593398907862,134.2083524833941,135.01449584960938,21524600,0.0,0.0,GOOGL
584,134.7955460588322,135.77087872900177,133.93963753997775,135.1239776611328,19403100,0.0,0.0,GOOGL
585,135.37279574679286,135.88036360473524,133.03397141020704,133.82022094726562,18684500,0.0,0.0,GOOGL
586,132.9543270674153,134.93486339840587,132.31737302514523,134.6163787841797,18844300,0.0,0.0,GOOGL
587,134.2680573726706,136.00973029553754,134.20834530224724,135.73106384277344,23558300,0.0,0.0,GOOGL
588,135.8903121579024,136.825841903566,135.143880788854,136.2685089111328,20763400,0.0,0.0,GOOGL
589,135.61161962674936,136.2187176311378,134.5467189748312,134.6959991455078,18405500,0.0,0.0,GOOGL
590,134.4472223587194,136.2486077375473,133.5116925587083,136.0595245361328,20749500,0.0,0.0,GOOGL
591,136.94526549707902,138.04002226738112,135.59173616278034,137.44288635253906,24751000,0.0,0.0,GOOGL
592,137.32345788063844,137.86089695130053,135.83059519619755,136.7462158203125,38908400,0.0,0.0,GOOGL
593,135.95997529868072,138.4978447839275,135.95997529868072,137.5523681640625,21861300,0.0,0.0,GOOGL
594,136.7661336216356,137.75142852316634,135.96993710197103,137.3831787109375,20353700,0.0,0.0,GOOGL
595,137.4229832645566,137.4229832645566,132.98419835818402,133.1036376953125,29927500,0.0,0.0,GOOGL
596,130.81459306049098,131.6008274512888,129.45111656611377,129.81935119628906,31488700,0.0,0.0,GOOGL
597,130.1378168923183,131.4017782750434,128.9833479050883,129.6302490234375,26397300,0.0,0.0,GOOGL
598,129.2122519182116,130.54587235985892,128.34639636353074,130.4861602783203,20094600,0.0,0.0,GOOGL
599,129.1525314353715,129.73972044721884,126.61466183176898,127.95824432373047,25718700,0.0,0.0,GOOGL
600,127.95824144738631,130.27714140382253,127.95824144738631,129.91885375976562,22746500,0.0,0.0,GOOGL
601,129.22218681213153,132.6657299926707,129.17242168676438,131.68043518066406,22513100,0.0,0.0,GOOGL
602,132.64581840280536,133.41215879768615,129.739714333163,130.23733520507812,30848100,0.0,0.0,GOOGL
603,130.58567857530397,133.78039613443357,130.545860400469,133.53158569335938,22288000,0.0,0.0,GOOGL
604,133.3026905762113,133.62116005886995,131.21267669893393,131.79986572265625,22989400,0.0,0.0,GOOGL
605,132.15815718510046,134.9249434701971,131.8993997738575,134.5965118408203,26752300,0.0,0.0,GOOGL
606,134.42733764648438,134.84533744367246,132.8150353588309,134.42733764648438,19832600,0.0,0.0,GOOGL
607,133.37234873185216,137.50261133155155,133.37234873185216,136.9253692626953,27583200,0.0,0.0,GOOGL
608,136.28841418957376,138.27889778472175,134.96474077645817,137.76136779785156,19278100,0.0,0.0,GOOGL
609,137.84096967252069,139.05516571052343,136.67653875466874,137.40306091308594,27786600,0.0,0.0,GOOGL
610,137.9206132443408,140.43857383416284,137.9206132443408,139.88124084472656,25884300,0.0,0.0,GOOGL
611,140.37885098714375,140.54804026123193,137.60211801793758,138.30874633789062,24765500,0.0,0.0,GOOGL
612,138.71681368426044,139.33385877066547,135.96993646362293,136.7064208984375,23420500,0.0,0.0,GOOGL
613,137.51255809555218,138.9656178098258,137.33342186038425,138.43814086914062,28501900,0.0,0.0,GOOGL
614,137.9703659398381,139.23431200334724,136.5272532818645,139.05517578125,23515800,0.0,0.0,GOOGL
615,138.7864742597851,140.0504356733887,136.7263315075888,137.30357360839844,23375000,0.0,0.0,GOOGL
616,137.8410054118577,138.99548967948655,136.72633932514654,137.09457397460938,26066000,0.0,0.0,GOOGL
617,136.67656764747252,137.21399157463526,134.43727344295388,134.95480346679688,26315200,0.0,0.0,GOOGL
618,134.39743479587233,137.00497842129087,133.31262496891244,135.85049438476562,26317900,0.0,0.0,GOOGL
619,137.17417294722958,138.6968916178538,136.76612018289654,138.14950561523438,44814300,0.0,0.0,GOOGL
620,127.55019106624778,127.69947125982357,124.4748899960184,125.01232147216797,84366200,0.0,0.0,GOOGL
621,122.68346083906891,123.73842237481327,120.69297711748168,121.69817352294922,57061100,0.0,0.0,GOOGL
622,122.29531249468846,122.72326678236502,119.63801864923039,121.58869171142578,44566500,0.0,0.0,GOOGL
623,122.62373800525754,124.80331991907411,122.16592770060555,123.86779022216797,28940100,0.0,0.0,GOOGL
